Title,Link
Man arrested in connection with Tupac murder - reports,/news/entertainment-arts-66965766
'Pioneering' US Senator Dianne Feinstein dies aged 90,/news/world-us-canada-66963341
Anxious Chinese home buyers reel from Evergrande crisis,/news/world-asia-china-66956769
More than 50 die in Pakistan's Balochistan blast,/news/world-asia-66956626
Rotterdam victim had reported suspect to police,/news/world-europe-66958337
Major flash flooding hits New York City,/news/live/world-us-canada-66963276
Hijabs allowed in Olympic village despite French ban,/sport/athletics/66958602
Family finds Viking relics during earring search,/news/world-europe-66957309
Philippines' Marcos defends removing Chinese buoys,/news/world-asia-66956776
Trudeau says Canada-India ties important despite row,/news/world-asia-india-66956827
Convictions in 30-year-old India mass rapes upheld,/news/world-asia-india-65248208
Trudeau says Canada-India ties important despite row,/news/world-asia-india-66956827
Convictions in 30-year-old India mass rapes upheld,/news/world-asia-india-65248208
Swedish army to aid police after gang killing surge,/news/world-europe-66964723
Putin meets former Wagner commander Troshev,/news/world-europe-66957307
Death toll in Karabakh fuel depot blast jumps to 170,/news/world-europe-66958338
What China's economic problems mean for the world,/news/business-66840367
BBC World News TV,/news/world_radio_and_tv
BBC World Service Radio,/sounds/play/live:bbc_world_service
Why India's fast bowling stars could win the World Cup,/news/world-asia-india-66892879
Inside the Australian magpieâ€™s annual reign of terror,/news/world-australia-66920781
BBC reporter on helping save women trapped in lorry,/news/world-asia-66951944
Watch: Biden tells climate heckler to 'shush up',/news/world-us-canada-66956877
Is this a spiritual leader taming lions?,/news/world-africa-66963780
Why should I care if Evergrande collapses?,/news/business-58579833
Taiwan unveils new submarine to fend off China,/news/world-asia-66932808
Canada Nazi row puts spotlight on Ukraine's WWII past,/news/world-us-canada-66914756
The election in a kingdom where parties are banned,/news/world-africa-66958507
The glitzy New York buildings that Trump could lose,/news/world-us-canada-66949606
Republicans lay out case at first Biden impeachment hearing,/news/world-us-canada-66954626
Can Kenya's police defeat Haiti's fearsome gangs?,/news/world-africa-66946156
New maps of Earth's lost continent,https://www.bbc.com/future/article/20230928-the-mysteries-of-the-worlds-eighth-continent
US auto strike: Eye-popping CEO pay,https://www.bbc.com/worklife/article/20230925-uaw-auto-strike-why-us-automotive-ceos-make-more-than-global-competition
The city charging visitors to enter,https://www.bbc.com/travel/article/20230928-venices-new-5-entry-fee-explained
10 films to watch in October,https://www.bbc.com/culture/article/20230928-from-killers-of-the-flower-moon-to-the-exorcist-believer-10-of-the-best-films-to-watch-in-october
Space travel's heavy toll on health,https://www.bbc.com/future/article/20230927-what-a-long-term-mission-in-space-does-to-the-human-body
Why the US embraced 'strike culture',https://www.bbc.com/worklife/article/20230927-how-strike-culture-took-hold-in-the-us-in-2023
Four of the best countries for women,https://www.bbc.com/travel/article/20230927-the-worlds-most-gender-equal-countries
